132,126,104,129,128,127,118,139,112,117,106,115,133,134,137,135,138,125,140,136,121,105,109,107,116,119,111,142,141,113,131,130,108,110,102,103,122,124,120,123,114,151,152,153,161,162,163,164,32,26,4,29,28,27,18,39,12,17,6,15,33,34,37,35,38,25,40,36,21,5,9,7,16,19,11,42,41,13,31,30,8,10,2,3,22,24,20,23,14,51,52,53,61,62,63,64
-1,0.246038,-1,0.484567,0.407951,0.370369,0.576472,0.409152,-1,-1,0.411176,0.266402,-1,0.406172,0.493995,0.431568,-1,0.522383,0.425782,-1,0.579576,0.54328,0.593234,0.606538,0.669918,0.541356,0.299774,-1,-1,0.451049,-1,0.370226,0.374272,-1,0.38949,0.325763,0.35237,-1,-1,-1,-1,-1,0.421695,-1,-1,-1,-1,-1,0.695171,0.730052,-1,-1,-1,-1,-1,-1,-1,-1,-1,0.760235,-1,0.739222,0.748042,-1,-1,-1,-1,-1,-1,-1,-1,-1,-1,-1,-1,-1,-1,-1,-1,0.751551,0.815255,-1,-1,0.833024,-1,-1,-1,-1,-1,-1,-1,-1,-1,-1,-1,-1
0.246038,-1,0.411425,0.52675,0.408259,0.374242,0.648177,0.433429,-1,-1,0.486276,0.346443,0.408428,0.3734,0.478177,0.429004,0.457102,0.578007,0.455242,-1,0.660403,0.617508,0.670965,0.662149,0.756626,0.611834,0.394069,0.452125,0.507702,0.504603,0.412203,0.341164,0.397666,0.358252,0.479211,0.345739,0.352431,-1,-1,-1,-1,-1,0.454377,0.307207,-1,-1,-1,-1,0.698386,0.748163,-1,-1,-1,-1,-1,-1,-1,-1,-1,0.782656,-1,0.750779,0.764824,-1,-1,-1,-1,-1,-1,-1,-1,-1,-1,-1,-1,-1,-1,-1,-1,0.777067,0.827549,-1,0.945344,0.857346,0.777839,-1,-1,-1,-1,-1,-1,-1,-1,-1,-1,-1
-1,0.411425,-1,0.545848,0.576667,-1,0.421178,-1,0.421296,0.343968,0.239729,0.256523,-1,0.610831,-1,0.634471,-1,0.521022,0.54479,-1,0.481868,0.368795,0.468936,0.437547,0.540819,0.48939,0.340448,-1,-1,-1,-1,-1,0.510309,0.394951,0.3027,0.40285,0.472711,0.654105,0.741073,0.676507,0.678122,0.285838,0.485524,-1,-1,-1,-1,-1,-1,-1,-1,-1,-1,-1,-1,-1,-1,-1,-1,-1,-1,-1,-1,-1,-1,-1,-1,-1,-1,-1,-1,-1,-1,-1,-1,-1,-1,-1,-1,-1,-1,-1,-1,-1,-1,-1,-1,-1,-1,-1,-1,-1,-1,-1,-1,-1
0.484567,0.52675,0.545848,-1,0.540403,0.517034,0.410633,0.423684,0.451554,0.57894,0.537764,0.492204,0.456917,0.604105,0.621903,0.578408,0.56815,0.403732,0.387834,0.384742,0.427025,0.535717,0.457598,0.527607,0.497814,0.460098,0.612953,0.424368,0.398155,0.425324,0.544266,0.529679,0.70645,0.672827,0.683079,0.661221,0.674594,-1,0.836612,0.757548,-1,0.479235,0.577179,0.485144,0.338398,0.452184,-1,0.465558,-1,-1,-1,0.396681,0.619359,-1,0.414853,-1,-1,-1,0.648035,0.615906,0.595575,0.706931,0.715378,0.677732,0.700524,0.547605,0.530726,-1,0.532519,0.579048,0.56201,0.535256,0.618847,0.562053,0.734783,0.589257,0.561354,0.555025,-1,-1,-1,-1,0.821917,-1,0.775895,-1,-1,-1,-1,-1,-1,-1,-1,-1,-1,-1
0.407951,0.408259,0.576667,0.540403,-1,0.253942,0.755139,0.552413,0.754003,0.409294,0.659873,0.521205,0.44949,0.362232,0.364189,0.270881,0.343268,0.684172,0.515781,0.674248,0.77335,0.773086,0.804813,0.83797,0.866237,0.762079,0.469015,0.47785,0.513326,0.653045,0.450536,0.502983,0.453428,0.448058,0.627286,0.504225,0.390748,0.392596,0.456255,0.396503,0.482171,0.51197,0.4042,0.39491,0.551718,0.528764,-1,-1,-1,-1,-1,0.569838,0.487892,0.418027,-1,0.624981,-1,-1,-1,0.683923,0.621249,0.630186,0.651433,0.581242,0.62067,0.797208,0.656994,-1,-1,-1,0.869697,-1,-1,0.823639,0.650597,0.620907,0.653097,0.750736,-1,-1,0.697313,-1,-1,0.732046,-1,-1,0.70202,0.69021,0.745183,-1,-1,-1,0.651424,-1,-1,-1
0.370369,0.374242,-1,0.517034,0.253942,-1,0.704506,-1,-1,-1,0.597656,0.453935,-1,0.385161,0.3995,0.316506,0.389383,0.672913,0.513912,-1,0.727193,0.704649,0.755389,0.770484,0.825126,0.715214,0.390756,-1,-1,-1,-1,-1,0.424745,0.410309,0.536119,0.4502,0.357605,-1,-1,-1,-1,-1,-1,-1,-1,-1,-1,-1,-1,-1,-1,-1,0.385078,-1,-1,-1,-1,-1,-1,-1,-1,0.523593,0.552773,0.485571,0.53742,-1,-1,-1,-1,-1,-1,-1,-1,-1,-1,-1,-1,-1,-1,-1,-1,-1,-1,-1,-1,-1,-1,-1,-1,-1,-1,-1,-1,-1,-1,-1
0.576472,0.648177,0.421178,0.410633,0.755139,0.704506,-1,-1,-1,0.629677,0.338859,0.466666,-1,0.818007,-1,-1,0.792877,0.392946,0.53688,0.444301,0.246715,0.292659,0.270588,0.267253,0.313835,0.355026,0.654974,-1,-1,-1,-1,-1,0.803798,0.72765,0.609158,0.699678,0.78167,-1,1,0.953557,-1,0.508003,0.725234,0.554602,0.261492,0.366854,-1,0.181766,-1,-1,-1,0.421046,-1,-1,-1,-1,-1,-1,-1,0.580139,-1,-1,-1,-1,-1,-1,-1,-1,0.393264,0.41297,-1,0.340238,0.452308,-1,0.834782,-1,-1,-1,-1,-1,-1,-1,0.77002,-1,0.896464,-1,-1,-1,-1,-1,-1,-1,-1,-1,-1,-1
0.409152,0.433429,-1,0.423684,0.552413,-1,-1,-1,-1,-1,-1,0.430641,0.328266,0.539469,0.590623,0.565706,0.541868,0.364313,0.272999,-1,0.50557,0.591065,0.52622,0.625202,0.600596,0.407522,0.590406,0.351224,0.359487,0.332196,0.440208,0.385032,0.671955,0.622403,0.66221,0.603697,0.630423,-1,0.819101,0.73236,0.789703,0.442259,0.603797,0.447869,0.389363,0.425402,-1,-1,-1,-1,-1,-1,0.694837,-1,-1,-1,-1,-1,-1,-1,-1,0.805263,0.82336,0.768233,0.792176,0.696428,0.665767,-1,-1,-1,-1,-1,-1,0.728994,-1,0.700598,0.690577,-1,-1,-1,-1,-1,-1,-1,-1,-1,-1,-1,-1,-1,-1,-1,-1,-1,-1,-1
-1,-1,0.421296,0.451554,0.754003,-1,-1,-1,-1,-1,0.377112,0.438959,-1,0.754231,-1,-1,-1,0.355027,0.482652,-1,0.284815,0.341253,0.240188,0.35063,0.346447,0.272344,0.617908,0.589828,-1,0.301547,0.6768,0.586977,-1,-1,-1,-1,-1,-1,-1,-1,-1,-1,-1,-1,-1,0.348453,-1,-1,-1,-1,-1,-1,-1,-1,-1,-1,-1,-1,-1,-1,-1,-1,-1,-1,-1,-1,-1,-1,-1,-1,-1,-1,-1,-1,-1,-1,-1,-1,-1,-1,-1,-1,-1,-1,-1,-1,-1,-1,-1,-1,-1,-1,-1,-1,-1,-1
-1,-1,0.343968,0.57894,0.409294,-1,0.629677,-1,-1,-1,0.436474,0.347678,-1,0.482095,-1,0.465748,0.53207,0.651487,-1,-1,0.671283,0.571837,0.665555,0.655187,0.755475,0.66512,0.270248,-1,-1,-1,-1,-1,0.374769,0.300528,0.399263,-1,0.313951,-1,-1,-1,-1,-1,-1,-1,-1,-1,-1,-1,-1,-1,-1,-1,-1,-1,-1,-1,-1,-1,-1,-1,-1,-1,-1,-1,-1,-1,-1,-1,-1,-1,-1,-1,-1,-1,-1,-1,-1,-1,-1,-1,-1,-1,-1,-1,-1,-1,-1,-1,-1,-1,-1,-1,-1,-1,-1,-1
0.411176,0.486276,0.239729,0.537764,0.659873,0.597656,0.338859,-1,0.377112,0.436474,-1,0.311537,0.613235,0.687045,0.765417,0.70696,0.733547,0.496361,0.566509,-1,0.42407,0.324214,0.404158,0.384522,0.496778,0.461338,0.444265,0.638566,-1,0.481736,0.67942,0.599857,0.58677,0.495323,0.375839,0.484118,0.578747,-1,-1,-1,-1,0.400958,0.596304,0.400449,0.353013,0.246482,-1,0.299294,-1,-1,-1,0.632545,-1,-1,-1,-1,-1,-1,-1,0.812439,-1,0.925389,0.954093,-1,-1,-1,-1,-1,0.650796,0.706402,-1,0.607761,0.717072,-1,0.899272,-1,-1,-1,-1,-1,-1,-1,0.95961,-1,0.944215,-1,-1,-1,-1,-1,-1,-1,-1,-1,-1,-1
0.266402,0.346443,0.256523,0.492204,0.521205,0.453935,0.466666,0.430641,0.438959,0.347678,0.311537,-1,-1,0.524271,0.616085,0.55284,0.574634,0.498606,0.465536,-1,0.501083,0.438868,0.492343,0.477396,0.588085,0.484464,0.356505,0.512694,0.52638,0.436316,0.524761,0.454687,0.466599,0.387318,0.372887,0.385046,0.446291,-1,-1,-1,-1,0.323705,0.485628,0.290303,0.333507,0.234394,-1,0.34841,0.730123,0.798631,-1,0.590355,0.680105,-1,0.568101,-1,-1,-1,0.800639,0.777896,-1,0.812311,0.822024,0.767818,0.806571,0.74852,0.742967,-1,0.7278,0.754224,-1,0.691912,0.792327,0.784479,0.799953,-1,-1,-1,-1,0.809066,0.878888,-1,0.92922,0.883698,0.82201,-1,-1,-1,-1,-1,-1,-1,-1,-1,-1,-1
-1,0.408428,-1,0.456917,0.44949,-1,-1,0.328266,-1,-1,0.613235,-1,-1,0.443467,0.459134,0.432738,0.3937,0.494725,0.329631,-1,0.615473,0.696572,0.646935,0.721282,0.702585,0.559793,0.570523,0.314595,0.345782,0.450843,0.356527,0.382222,-1,-1,-1,-1,-1,-1,0.721804,0.629431,-1,0.466595,0.555273,0.438827,-1,0.478629,-1,-1,-1,-1,-1,0.553212,0.645446,-1,-1,-1,-1,-1,-1,-1,0.700643,0.775123,0.784286,0.725549,0.75882,-1,-1,-1,0.768304,-1,-1,-1,-1,0.769419,0.808966,0.69138,0.685707,-1,0.743832,0.75521,-1,-1,-1,-1,-1,-1,-1,-1,-1,-1,-1,-1,-1,-1,-1,-1
0.406172,0.3734,0.610831,0.604105,0.362232,0.385161,0.818007,0.539469,0.754231,0.482095,0.687045,0.524271,0.443467,-1,0.374315,0.32089,0.359031,0.72096,0.530141,-1,0.813819,0.815577,0.83396,0.865537,0.917255,0.763501,0.523485,0.493419,0.552164,0.646927,0.400236,0.412088,0.464225,0.47125,0.67126,0.46441,0.42664,0.47685,0.532149,0.437755,0.526282,0.54681,0.520624,0.454261,0.596639,0.554752,-1,-1,0.735326,0.769398,-1,0.680389,0.643007,0.554369,-1,0.767025,-1,-1,0.942164,0.827306,0.764323,0.77047,0.788403,0.716565,0.775838,0.885835,0.780812,-1,0.943329,0.973433,0.952127,-1,-1,0.916619,0.790904,0.761986,-1,0.875386,0.785915,0.796243,0.849091,-1,-1,0.879138,-1,-1,0.856224,0.839106,0.891046,-1,-1,-1,0.747477,-1,-1,-1
0.493995,0.478177,-1,0.621903,0.364189,0.3995,-1,0.590623,-1,-1,0.765417,0.616085,0.459134,0.374315,-1,0.25598,0.282513,0.760914,0.556887,-1,-1,0.878495,0.872834,0.934016,0.948146,0.811539,0.604446,0.479644,0.551427,0.714517,0.419049,0.526646,0.56445,0.570755,0.763308,0.593543,0.518786,0.500978,0.535608,0.468622,0.556298,0.604194,0.546645,0.517793,0.634889,0.62678,-1,-1,0.749793,0.776996,-1,0.70519,0.649045,0.56122,-1,0.778818,-1,-1,0.961304,0.838205,0.774372,0.78162,0.796122,0.725628,0.78152,0.894212,0.796372,-1,-1,0.995497,0.983175,-1,-1,0.926139,0.796236,0.77661,-1,0.886886,-1,-1,0.861813,-1,-1,0.895913,-1,-1,0.877373,0.850377,0.913646,-1,-1,-1,-1,-1,-1,-1
0.431568,0.429004,0.634471,0.578408,0.270881,0.316506,-1,0.565706,-1,0.465748,0.70696,0.55284,0.432738,0.32089,0.25598,-1,0.241885,0.726914,0.529591,-1,0.818229,0.830844,0.840507,0.882147,0.909007,0.779111,0.525626,0.461692,0.518442,0.678554,0.406716,0.492473,0.474756,0.49593,0.677497,0.520603,0.424663,0.409199,0.452843,0.359016,0.463871,0.54933,0.47815,0.452761,0.592244,0.569201,-1,-1,-1,-1,-1,0.626917,0.568902,0.475055,-1,0.699532,-1,-1,-1,0.764831,0.699348,0.699522,0.710371,0.646497,0.697855,0.848569,0.716107,-1,-1,-1,0.917298,-1,-1,0.865044,0.719481,-1,-1,0.816249,-1,-1,0.771957,-1,-1,0.806657,-1,-1,0.778639,0.754353,-1,-1,-1,-1,-1,-1,-1,-1
-1,0.457102,-1,0.56815,0.343268,0.389383,0.792877,0.541868,-1,0.53207,0.733547,0.574634,0.3937,0.359031,0.282513,0.241885,-1,0.703604,0.476339,-1,0.804534,0.836311,0.821338,-1,0.887043,0.761543,0.589137,0.413434,0.472235,0.66753,0.366335,0.500342,0.56519,0.569746,0.742231,0.582784,0.512992,0.52045,0.569718,0.48332,0.587709,0.563305,0.528739,0.486697,0.593722,0.596119,-1,-1,-1,-1,-1,0.642097,0.622697,0.540067,-1,0.733604,-1,-1,-1,0.808565,0.729937,0.752773,0.771185,0.701119,0.751329,0.835697,0.742903,-1,-1,-1,0.912123,-1,-1,0.867853,0.784171,-1,-1,0.830915,-1,-1,0.838913,-1,-1,0.868081,-1,-1,0.851349,0.820516,0.885542,-1,-1,-1,0.701116,-1,-1,-1
0.522383,0.578007,0.521022,0.403732,0.684172,0.672913,0.392946,0.364313,0.355027,0.651487,0.496361,0.498606,0.494725,0.72096,0.760914,0.726914,0.703604,-1,0.372333,0.312366,0.313549,0.480106,0.3558,0.478717,0.372974,0.325013,0.672717,0.46183,0.409862,0.342708,0.613857,0.560795,0.795128,0.744561,0.692679,0.714849,0.760642,-1,0.982139,0.893047,0.943121,0.505922,0.70619,0.538729,0.361176,0.434647,-1,0.457872,-1,-1,-1,0.50675,0.787488,-1,-1,0.676968,-1,-1,-1,0.740537,-1,0.872427,0.891589,0.843873,0.856295,0.62443,0.673341,-1,0.580258,0.637088,0.600752,0.560036,0.637633,0.647428,0.915425,0.729702,0.689461,0.6558,-1,-1,-1,-1,0.936839,-1,0.953607,-1,-1,-1,-1,-1,-1,-1,-1,-1,-1,-1
0.425782,0.455242,0.54479,0.387834,0.515781,0.513912,0.53688,0.272999,0.482652,-1,0.566509,0.465536,0.329631,0.530141,0.556887,0.529591,0.476339,0.372333,-1,0.355937,0.500264,0.623509,0.535087,0.623496,0.574009,0.460196,0.603412,0.278818,0.270256,0.387923,0.424734,0.43451,0.680322,0.636401,0.678657,0.618971,0.647573,-1,0.799724,0.722025,0.79808,0.450893,0.588518,0.459726,0.399153,0.454251,-1,0.531172,-1,-1,-1,0.506445,0.663706,-1,-1,0.648351,-1,-1,-1,0.741981,-1,0.774422,0.781348,0.728251,0.755832,0.67074,0.647215,-1,0.674611,0.734283,0.693274,0.676114,0.742317,0.697556,0.811489,0.670147,0.650428,0.687727,-1,-1,-1,-1,0.929177,-1,0.831437,-1,-1,-1,-1,-1,-1,-1,-1,-1,-1,-1
-1,-1,-1,0.384742,0.674248,-1,0.444301,-1,-1,-1,-1,-1,-1,-1,-1,-1,-1,0.312366,0.355937,-1,0.342848,0.55207,0.424541,0.526784,0.425936,0.407397,0.725956,0.395609,0.316475,-1,-1,-1,-1,-1,0.755889,-1,0.79698,-1,-1,-1,-1,0.534004,-1,0.565242,-1,-1,-1,-1,-1,-1,-1,-1,-1,-1,-1,-1,-1,-1,-1,-1,-1,-1,-1,-1,-1,-1,-1,-1,-1,-1,-1,-1,-1,0.676788,-1,0.728,0.700041,-1,-1,-1,-1,-1,-1,-1,-1,-1,-1,-1,-1,-1,-1,-1,-1,-1,-1,-1
0.579576,0.660403,0.481868,0.427025,0.77335,0.727193,0.246715,0.50557,0.284815,0.671283,0.42407,0.501083,0.615473,0.813819,-1,0.818229,0.804534,0.313549,0.500264,0.342848,-1,0.340734,0.234528,0.328639,0.238058,0.318923,0.680331,0.58528,0.508132,0.385913,0.718016,0.659858,0.833331,0.763616,0.665099,0.737828,0.805027,-1,1,0.966929,-1,0.516247,0.75862,0.564215,0.341571,0.400109,-1,0.350693,-1,-1,-1,0.483701,-1,-1,0.319627,-1,-1,-1,0.610941,0.67402,0.749993,0.902146,-1,-1,-1,0.5536,0.644671,-1,0.483767,0.509953,-1,0.445375,0.54193,0.571492,0.923738,0.739007,0.693297,0.591659,-1,-1,-1,-1,0.872992,-1,0.977221,-1,-1,-1,-1,-1,-1,-1,-1,-1,-1,-1
0.54328,0.617508,0.368795,0.535717,0.773086,0.704649,0.292659,0.591065,0.341253,0.571837,0.324214,0.438868,0.696572,0.815577,0.878495,0.830844,0.836311,0.480106,0.623509,0.55207,0.340734,-1,0.335096,0.308207,0.363644,0.444294,0.570462,0.698458,-1,0.480949,0.778618,0.702266,0.747284,0.655392,0.533873,0.641087,0.718416,-1,-1,-1,-1,0.500153,0.714197,0.521723,0.370446,0.349232,-1,0.310971,-1,-1,-1,0.593387,-1,-1,0.42215,-1,-1,-1,0.67766,0.752766,-1,0.962176,0.986177,-1,-1,0.657964,0.759199,-1,0.571105,0.596235,-1,0.500452,0.614631,0.667351,0.949919,0.84055,0.81552,-1,-1,-1,1,-1,0.940298,0.951977,1,-1,-1,-1,-1,-1,-1,-1,-1,-1,-1,-1
0.593234,0.670965,0.468936,0.457598,0.804813,0.755389,0.270588,0.52622,0.240188,0.665555,0.404158,0.492343,0.646935,0.83396,0.872834,0.840507,0.821338,0.3558,0.535087,0.424541,0.234528,0.335096,-1,0.308197,0.255918,0.289054,0.696624,0.638417,0.578093,0.357573,0.750036,0.66841,0.838305,0.760178,0.675165,0.740473,0.817728,-1,1,0.983826,1,0.522095,0.774623,0.573715,0.360316,0.404188,-1,0.366884,-1,-1,-1,0.523931,0.883112,-1,-1,-1,-1,-1,-1,-1,-1,0.950712,0.972697,0.937668,0.935474,0.598368,0.696553,-1,-1,-1,-1,-1,-1,0.612386,-1,0.788274,0.73905,-1,-1,-1,-1,-1,-1,-1,-1,-1,-1,-1,-1,-1,-1,-1,-1,-1,-1,-1
0.606538,0.662149,0.437547,0.527607,0.83797,0.770484,0.267253,0.625202,0.35063,0.655187,0.384522,0.477396,0.721282,0.865537,0.934016,0.882147,-1,0.478717,0.623496,0.526784,0.328639,0.308207,0.308197,-1,0.333391,0.417676,0.624393,0.72224,-1,0.472433,-1,0.735076,0.819515,0.731145,0.637269,0.716465,0.781591,-1,-1,-1,-1,0.520622,0.732432,0.557795,0.366898,0.373909,-1,0.2868,-1,-1,-1,0.577805,-1,-1,0.36818,-1,-1,-1,0.650973,0.722926,-1,-1,-1,-1,-1,0.616551,0.717887,-1,0.55167,0.605541,-1,0.496118,0.601617,0.628151,0.970503,0.829007,0.784586,-1,-1,-1,-1,-1,0.884392,-1,1,-1,-1,-1,-1,-1,-1,-1,-1,-1,-1,-1
0.669918,0.756626,0.540819,0.497814,0.866237,0.825126,0.313835,0.600596,0.346447,0.755475,0.496778,0.588085,0.702585,0.917255,0.948146,0.909007,0.887043,0.372974,0.574009,0.425936,0.238058,0.363644,0.255918,0.333391,-1,0.374371,0.799753,0.669249,0.596636,0.449573,0.81304,0.752637,0.930728,0.867174,0.76195,0.827199,0.899687,-1,1,1,-1,0.598218,0.820201,0.651574,0.424886,0.479092,-1,0.428083,-1,-1,-1,0.566288,-1,-1,0.395165,-1,-1,-1,0.687567,0.753095,-1,-1,-1,-1,-1,0.625843,0.72051,-1,0.546651,0.582467,-1,0.508761,0.611241,0.636622,0.999228,0.825069,0.782377,-1,-1,-1,-1,-1,0.93864,-1,1,-1,-1,-1,-1,-1,-1,-1,-1,-1,-1,-1
0.541356,0.611834,0.48939,0.460098,0.762079,0.715214,0.355026,0.407522,0.272344,0.66512,0.461338,0.484464,0.559793,0.763501,0.811539,0.779111,0.761543,0.325013,0.460196,0.407397,0.318923,0.444294,0.289054,0.417676,0.374371,-1,0.668535,0.566397,0.519033,0.309774,0.672952,0.584919,0.799195,0.748828,0.693138,0.723112,0.786051,-1,1,0.94152,0.968144,0.505521,0.741359,0.552457,0.36876,0.409309,-1,0.42557,-1,-1,-1,0.539337,0.833317,-1,-1,0.727836,-1,-1,-1,0.770499,0.792219,0.928784,0.945051,0.892018,0.906941,0.6404,0.705611,0.701477,0.586796,0.647359,0.602832,0.558087,0.642482,0.66146,0.948368,0.773829,0.743517,0.674958,-1,-1,-1,-1,0.956423,-1,0.999728,-1,-1,-1,-1,-1,-1,-1,-1,-1,-1,-1
0.299774,0.394069,0.340448,0.612953,0.469015,0.390756,0.654974,0.590406,0.617908,0.270248,0.444265,0.356505,0.570523,0.523485,0.604446,0.525626,0.589137,0.672717,0.603412,0.725956,0.680331,0.570462,0.696624,0.624393,0.799753,0.668535,-1,0.629965,0.641672,0.626626,0.606161,0.548116,0.402877,0.323906,0.362404,0.376735,0.357327,0.494983,0.569933,0.53918,0.524052,0.35251,0.425487,0.263596,0.454902,0.348738,-1,-1,-1,-1,-1,0.701129,0.638084,-1,0.72795,-1,-1,-1,0.880518,0.80487,0.782692,0.776767,0.79089,0.719223,0.784708,0.883391,0.820323,-1,0.876773,0.875536,-1,0.860026,0.968166,0.917741,0.762372,0.805178,0.814633,0.881554,-1,-1,-1,-1,0.928426,-1,0.774072,-1,-1,-1,-1,-1,-1,-1,-1,-1,-1,-1
-1,0.452125,-1,0.424368,0.47785,-1,-1,0.351224,0.589828,-1,0.638566,0.512694,0.314595,0.493419,0.479644,0.461692,0.413434,0.46183,0.278818,0.395609,0.58528,0.698458,0.638417,0.72224,0.669249,0.566397,0.629965,-1,0.214243,0.48252,0.399496,0.467963,0.678074,0.637326,0.720789,0.630402,0.633405,-1,0.773643,0.684325,-1,0.485504,0.572476,0.470909,0.452381,0.509437,-1,0.60062,-1,-1,-1,0.525199,0.645787,-1,-1,0.658247,-1,-1,-1,-1,0.680572,0.766904,0.778003,-1,-1,0.709534,0.657148,0.721861,0.739665,0.802218,0.751258,0.762687,0.80848,0.737406,0.811038,0.671529,0.666723,0.721975,-1,-1,-1,-1,-1,-1,-1,-1,-1,-1,-1,-1,-1,-1,-1,-1,-1,-1
-1,0.507702,-1,0.398155,0.513326,-1,-1,0.359487,-1,-1,-1,0.52638,0.345782,0.552164,0.551427,0.518442,0.472235,0.409862,0.270256,0.316475,0.508132,-1,0.578093,-1,0.596636,0.519033,0.641672,0.214243,-1,0.45888,0.459916,0.504098,0.728787,-1,-1,0.667603,-1,-1,0.828221,0.742195,-1,0.495189,0.60321,0.491917,0.418713,0.501973,-1,-1,-1,-1,-1,0.512086,0.658438,-1,-1,0.65278,-1,-1,-1,-1,0.681994,-1,-1,-1,-1,0.674515,0.651457,0.702186,0.70042,0.747749,0.714892,0.697072,0.770348,0.714393,0.828607,0.669406,0.662411,0.70033,-1,-1,-1,-1,-1,-1,-1,-1,-1,-1,-1,-1,-1,-1,-1,-1,-1,-1
0.451049,0.504603,-1,0.425324,0.653045,-1,-1,0.332196,0.301547,-1,0.481736,0.436316,0.450843,0.646927,0.714517,0.678554,0.66753,0.342708,0.387923,-1,0.385913,0.480949,0.357573,0.472433,0.449573,0.309774,0.626626,0.48252,0.45888,-1,0.556638,0.453341,0.730359,0.673142,0.646536,0.64865,0.694675,-1,0.911066,0.82539,0.862749,0.44702,0.668517,0.473508,0.356056,0.389022,-1,0.438897,-1,-1,-1,0.529453,0.769284,-1,-1,-1,-1,-1,-1,-1,-1,0.872298,0.893612,0.844431,0.85215,0.660524,0.689822,-1,0.616673,-1,-1,-1,-1,0.681365,0.909707,0.744096,0.718066,0.688601,-1,-1,-1,-1,-1,-1,-1,-1,-1,-1,-1,-1,-1,-1,-1,-1,-1,-1
-1,0.412203,-1,0.544266,0.450536,-1,-1,0.440208,0.6768,-1,0.67942,0.524761,0.356527,0.400236,0.419049,0.406716,0.366335,0.613857,0.424734,-1,0.718016,0.778618,0.750036,-1,0.81304,0.672952,0.606161,0.399496,0.459916,0.556638,-1,0.3825,-1,-1,-1,-1,-1,-1,-1,-1,-1,-1,0.562358,0.478183,-1,-1,-1,-1,-1,-1,-1,-1,-1,-1,-1,-1,-1,-1,-1,-1,0.760021,0.803712,-1,-1,-1,-1,-1,-1,-1,-1,-1,-1,-1,-1,-1,-1,-1,-1,0.798295,0.808651,-1,-1,-1,-1,-1,-1,-1,-1,-1,-1,-1,-1,-1,-1,-1,-1
0.370226,0.341164,-1,0.529679,0.502983,-1,-1,0.385032,0.586977,-1,0.599857,0.454687,0.382222,0.412088,0.526646,0.492473,0.500342,0.560795,0.43451,-1,0.659858,0.702266,0.66841,0.735076,0.752637,0.584919,0.548116,0.467963,0.504098,0.453341,0.3825,-1,0.540758,0.53301,0.647626,0.504418,0.52505,-1,-1,-1,-1,0.486658,0.564669,0.444294,0.491996,0.476854,-1,-1,0.765059,0.820244,-1,-1,-1,-1,-1,-1,-1,-1,-1,0.845031,0.778303,0.825476,-1,-1,-1,-1,-1,-1,-1,-1,-1,-1,-1,-1,-1,-1,-1,-1,0.806564,0.825112,-1,-1,-1,0.936246,-1,-1,-1,-1,-1,-1,-1,-1,-1,-1,-1,-1
0.374272,0.397666,0.510309,0.70645,0.453428,0.424745,0.803798,0.671955,-1,0.374769,0.58677,0.466599,-1,0.464225,0.56445,0.474756,0.56519,0.795128,0.680322,-1,0.833331,0.747284,0.838305,0.819515,0.930728,0.799195,0.402877,0.678074,0.728787,0.730359,-1,0.540758,-1,0.239388,0.494065,0.364187,0.237616,0.394625,0.426434,0.387085,0.349445,0.538087,0.524215,0.4184,0.61221,0.502872,-1,-1,0.807615,0.830844,-1,-1,0.700776,-1,-1,-1,-1,-1,-1,0.881954,-1,0.835354,0.854101,0.780612,0.840028,-1,-1,-1,-1,1,-1,-1,-1,-1,-1,-1,-1,-1,-1,-1,0.885528,-1,1,0.926368,0.832409,-1,-1,0.8858,-1,-1,-1,-1,-1,-1,-1,-1
-1,0.358252,0.394951,0.672827,0.448058,0.410309,0.72765,0.622403,-1,0.300528,0.495323,0.387318,-1,0.47125,0.570755,0.49593,0.569746,0.744561,0.636401,-1,0.763616,0.655392,0.760178,0.731145,0.867174,0.748828,0.323906,0.637326,-1,0.673142,-1,0.53301,0.239388,-1,0.405677,0.313218,0.191392,0.394337,0.44148,0.417137,0.352637,0.46187,0.464475,-1,0.536938,0.427955,-1,-1,-1,-1,-1,-1,-1,-1,-1,-1,-1,-1,-1,-1,-1,-1,-1,-1,-1,-1,-1,-1,-1,-1,-1,-1,-1,-1,-1,-1,-1,-1,-1,-1,-1,-1,-1,-1,-1,-1,-1,-1,-1,-1,-1,-1,-1,-1,-1,-1
0.38949,0.479211,0.3027,0.683079,0.627286,0.536119,0.609158,0.66221,-1,0.399263,0.375839,0.372887,-1,0.67126,0.763308,0.677497,0.742231,0.692679,0.678657,0.755889,0.665099,0.533873,0.675165,0.637269,0.76195,0.693138,0.362404,0.720789,-1,0.646536,-1,0.647626,0.494065,0.405677,-1,0.433049,0.481779,0.65884,0.714663,0.687459,0.668498,0.45636,0.556238,-1,0.504566,0.372041,-1,-1,-1,0.906698,-1,0.779118,-1,-1,0.701898,-1,-1,-1,0.930378,0.907799,-1,-1,-1,-1,-1,0.924331,0.917898,-1,0.877087,0.894905,-1,0.852093,0.958588,0.94157,0.894748,-1,-1,-1,-1,-1,0.97938,-1,1,0.992738,0.916833,-1,-1,-1,-1,-1,-1,-1,-1,-1,-1,-1
0.325763,0.345739,0.40285,0.661221,0.504225,0.4502,0.699678,0.603697,-1,-1,0.484118,0.385046,-1,0.46441,0.593543,0.520603,0.582784,0.714849,0.618971,-1,0.737828,0.641087,0.740473,0.716465,0.827199,0.723112,0.376735,0.630402,0.667603,0.64865,-1,0.504418,0.364187,0.313218,0.433049,-1,0.344671,0.512566,0.579423,0.521709,0.52086,0.471946,0.513776,0.380105,0.532795,-1,-1,-1,0.808165,0.84551,-1,-1,0.71758,-1,-1,-1,-1,-1,-1,0.880968,-1,0.852164,0.867488,0.800782,0.861063,-1,-1,-1,-1,0.950883,-1,-1,-1,-1,-1,-1,-1,-1,-1,0.886264,0.908635,-1,1,0.935852,0.856345,-1,-1,0.904854,-1,-1,-1,-1,-1,-1,-1,-1
0.35237,0.352431,0.472711,0.674594,0.390748,0.357605,0.78167,0.630423,-1,0.313951,0.578747,0.446291,-1,0.42664,0.518786,0.424663,0.512992,0.760642,0.647573,0.79698,0.805027,0.718416,0.817728,0.781591,0.899687,0.786051,0.357327,0.633405,-1,0.694675,-1,0.52505,0.237616,0.191392,0.481779,0.344671,-1,0.307107,0.354702,0.335327,0.297212,0.493141,0.450311,-1,0.574161,0.482599,-1,-1,-1,0.770692,-1,0.738107,-1,-1,0.870511,-1,-1,-1,0.92952,0.824425,-1,-1,-1,-1,-1,0.951591,0.826091,-1,1,0.992088,-1,0.985477,1,0.974198,0.759013,-1,-1,-1,-1,-1,0.821867,-1,0.942357,0.860841,0.773965,-1,-1,-1,-1,-1,-1,-1,-1,-1,-1,-1
-1,-1,0.654105,-1,0.392596,-1,-1,-1,-1,-1,-1,-1,-1,0.47685,0.500978,0.409199,0.52045,-1,-1,-1,-1,-1,-1,-1,-1,-1,0.494983,-1,-1,-1,-1,-1,0.394625,0.394337,0.65884,0.512566,0.307107,-1,0.301202,0.328474,0.301923,-1,0.525724,0.475643,-1,-1,-1,-1,-1,-1,-1,-1,-1,-1,-1,-1,-1,-1,-1,-1,-1,-1,-1,-1,-1,-1,-1,-1,-1,-1,-1,-1,-1,-1,-1,-1,-1,-1,-1,-1,-1,-1,-1,-1,-1,-1,-1,-1,-1,-1,-1,-1,-1,-1,-1,-1
-1,-1,0.741073,0.836612,0.456255,-1,1,0.819101,-1,-1,-1,-1,0.721804,0.532149,0.535608,0.452843,0.569718,0.982139,0.799724,-1,1,-1,1,-1,1,1,0.569933,0.773643,0.828221,0.911066,-1,-1,0.426434,0.44148,0.714663,0.579423,0.354702,0.301202,-1,0.344867,0.279842,-1,0.609568,0.567565,0.788932,0.725334,-1,-1,-1,-1,-1,-1,0.72512,-1,-1,-1,-1,-1,-1,-1,-1,0.866723,0.883327,0.810302,0.887636,-1,-1,-1,-1,-1,-1,-1,-1,-1,-1,-1,-1,-1,-1,-1,-1,-1,-1,-1,-1,-1,0.936003,0.914368,0.969309,-1,-1,-1,-1,-1,-1,-1
-1,-1,0.676507,0.757548,0.396503,-1,0.953557,0.73236,-1,-1,-1,-1,0.629431,0.437755,0.468622,0.359016,0.48332,0.893047,0.722025,-1,0.966929,-1,0.983826,-1,1,0.94152,0.53918,0.684325,0.742195,0.82539,-1,-1,0.387085,0.417137,0.687459,0.521709,0.335327,0.328474,0.344867,-1,0.310835,-1,0.565838,0.517059,0.724284,0.655462,-1,-1,-1,-1,-1,-1,0.679686,-1,-1,-1,-1,-1,-1,-1,-1,0.812025,0.835504,0.75982,0.820194,-1,-1,-1,-1,-1,-1,-1,-1,-1,-1,-1,-1,-1,-1,-1,0.883291,-1,-1,0.914446,-1,-1,0.893261,0.868567,-1,-1,-1,-1,-1,-1,-1,-1
-1,-1,0.678122,-1,0.482171,-1,-1,0.789703,-1,-1,-1,-1,-1,0.526282,0.556298,0.463871,0.587709,0.943121,0.79808,-1,-1,-1,1,-1,-1,0.968144,0.524052,-1,-1,0.862749,-1,-1,0.349445,0.352637,0.668498,0.52086,0.297212,0.301923,0.279842,0.310835,-1,-1,0.612974,0.538418,0.758841,0.672791,-1,-1,-1,-1,-1,-1,0.719016,-1,-1,-1,-1,-1,-1,-1,-1,0.86325,0.877573,-1,0.872391,-1,-1,-1,-1,-1,-1,-1,-1,-1,-1,-1,-1,-1,-1,-1,-1,-1,-1,-1,-1,-1,0.934809,-1,0.999371,-1,-1,-1,-1,-1,-1,-1
-1,-1,0.285838,0.479235,0.51197,-1,0.508003,0.442259,-1,-1,0.400958,0.323705,0.466595,0.54681,0.604194,0.54933,0.563305,0.505922,0.450893,0.534004,0.516247,0.500153,0.522095,0.520622,0.598218,0.505521,0.35251,0.485504,0.495189,0.44702,-1,0.486658,0.538087,0.46187,0.45636,0.471946,0.493141,-1,-1,-1,-1,-1,-1,-1,-1,-1,0.195381,-1,-1,-1,-1,-1,-1,-1,-1,-1,-1,-1,-1,-1,-1,-1,-1,-1,-1,-1,-1,-1,-1,-1,-1,-1,-1,-1,-1,-1,-1,-1,-1,-1,-1,-1,-1,-1,-1,-1,-1,-1,-1,-1,-1,-1,-1,-1,-1,-1
0.421695,0.454377,0.485524,0.577179,0.4042,-1,0.725234,0.603797,-1,-1,0.596304,0.485628,0.555273,0.520624,0.546645,0.47815,0.528739,0.70619,0.588518,-1,0.75862,0.714197,0.774623,0.732432,0.820201,0.741359,0.425487,0.572476,0.60321,0.668517,0.562358,0.564669,0.524215,0.464475,0.556238,0.513776,0.450311,0.525724,0.609568,0.565838,0.612974,-1,-1,0,-1,-1,-1,-1,-1,-1,-1,-1,-1,-1,-1,-1,-1,-1,-1,-1,-1,-1,-1,-1,-1,-1,-1,-1,-1,-1,-1,-1,-1,-1,-1,-1,-1,-1,-1,-1,-1,-1,-1,-1,-1,-1,-1,-1,-1,-1,-1,-1,-1,-1,-1,-1
-1,0.307207,-1,0.485144,0.39491,-1,0.554602,0.447869,-1,-1,0.400449,0.290303,0.438827,0.454261,0.517793,0.452761,0.486697,0.538729,0.459726,0.565242,0.564215,0.521723,0.573715,0.557795,0.651574,0.552457,0.263596,0.470909,0.491917,0.473508,0.478183,0.444294,0.4184,-1,-1,0.380105,-1,0.475643,0.567565,0.517059,0.538418,-1,0,-1,0.288039,0.217114,-1,-1,-1,-1,-1,-1,-1,-1,-1,-1,-1,-1,-1,-1,-1,-1,-1,-1,-1,-1,-1,-1,-1,-1,-1,-1,-1,-1,-1,-1,-1,-1,-1,-1,-1,-1,-1,-1,-1,-1,-1,-1,-1,-1,-1,-1,-1,-1,-1,-1
-1,-1,-1,0.338398,0.551718,-1,0.261492,0.389363,-1,-1,0.353013,0.333507,-1,0.596639,0.634889,0.592244,0.593722,0.361176,0.399153,-1,0.341571,0.370446,0.360316,0.366898,0.424886,0.36876,0.454902,0.452381,0.418713,0.356056,-1,0.491996,0.61221,0.536938,0.504566,0.532795,0.574161,-1,0.788932,0.724284,0.758841,-1,-1,0.288039,-1,-1,0.225769,-1,-1,-1,-1,-1,0.642114,-1,-1,-1,-1,-1,-1,-1,-1,0.737178,-1,-1,0.714431,-1,-1,-1,-1,-1,-1,-1,-1,-1,-1,-1,-1,-1,-1,-1,-1,-1,-1,-1,-1,-1,-1,-1,-1,-1,-1,-1,-1,-1,-1,-1
-1,-1,-1,0.452184,0.528764,-1,0.366854,0.425402,0.348453,-1,0.246482,0.234394,0.478629,0.554752,0.62678,0.569201,0.596119,0.434647,0.454251,-1,0.400109,0.349232,0.404188,0.373909,0.479092,0.409309,0.348738,0.509437,0.501973,0.389022,-1,0.476854,0.502872,0.427955,0.372041,-1,0.482599,-1,0.725334,0.655462,0.672791,-1,-1,0.217114,-1,-1,0.167882,-1,-1,-1,-1,-1,-1,-1,-1,-1,-1,-1,-1,-1,-1,-1,-1,-1,-1,-1,-1,-1,-1,-1,-1,-1,-1,-1,-1,-1,-1,-1,-1,-1,-1,-1,-1,-1,-1,-1,-1,-1,-1,-1,-1,-1,-1,-1,-1,-1
-1,-1,-1,-1,-1,-1,-1,-1,-1,-1,-1,-1,-1,-1,-1,-1,-1,-1,-1,-1,-1,-1,-1,-1,-1,-1,-1,-1,-1,-1,-1,-1,-1,-1,-1,-1,-1,-1,-1,-1,-1,0.195381,-1,-1,0.225769,0.167882,-1,0.221297,-1,-1,-1,-1,-1,-1,-1,-1,-1,-1,-1,-1,-1,-1,-1,-1,-1,-1,-1,-1,-1,-1,-1,-1,-1,-1,-1,-1,-1,-1,-1,-1,-1,-1,-1,-1,-1,-1,-1,-1,-1,-1,-1,-1,-1,-1,-1,-1
-1,-1,-1,0.465558,-1,-1,0.181766,-1,-1,-1,0.299294,0.34841,-1,-1,-1,-1,-1,0.457872,0.531172,-1,0.350693,0.310971,0.366884,0.2868,0.428083,0.42557,-1,0.60062,-1,0.438897,-1,-1,-1,-1,-1,-1,-1,-1,-1,-1,-1,-1,-1,-1,-1,-1,0.221297,-1,-1,-1,-1,-1,-1,-1,-1,-1,-1,-1,-1,-1,-1,-1,-1,-1,-1,-1,-1,-1,-1,-1,-1,-1,-1,-1,-1,-1,-1,-1,-1,-1,-1,-1,-1,-1,-1,-1,-1,-1,-1,-1,-1,-1,-1,-1,-1,-1
0.695171,0.698386,-1,-1,-1,-1,-1,-1,-1,-1,-1,0.730123,-1,0.735326,0.749793,-1,-1,-1,-1,-1,-1,-1,-1,-1,-1,-1,-1,-1,-1,-1,-1,0.765059,0.807615,-1,-1,0.808165,-1,-1,-1,-1,-1,-1,-1,-1,-1,-1,-1,-1,-1,0.237481,-1,0.42408,0.383068,0.358492,0.531972,0.321451,-1,-1,0.391831,0.250304,-1,0.373883,-1,0.428865,-1,0.511548,0.411447,-1,0.580243,0.515425,0.562421,0.573235,0.660388,0.486999,0.381883,-1,-1,0.40293,-1,-1,0.412798,-1,0.440894,0.365285,0.388958,-1,-1,-1,-1,-1,0.343775,-1,-1,-1,-1,-1
0.730052,0.748163,-1,-1,-1,-1,-1,-1,-1,-1,-1,0.798631,-1,0.769398,0.776996,-1,-1,-1,-1,-1,-1,-1,-1,-1,-1,-1,-1,-1,-1,-1,-1,0.820244,0.830844,-1,0.906698,0.84551,0.770692,-1,-1,-1,-1,-1,-1,-1,-1,-1,-1,-1,0.237481,-1,0.405335,0.528348,0.381208,0.374116,0.648225,0.422882,-1,-1,0.473856,0.338255,0.413094,0.333289,0.459079,0.414003,0.447898,0.643996,0.507525,-1,0.707604,0.631494,0.69259,0.675853,0.789539,0.623305,0.404229,0.470225,0.527535,0.52666,0.414109,0.273851,0.404485,0.396505,0.499455,0.351154,0.364196,-1,-1,-1,-1,-1,0.406879,0.297404,-1,-1,-1,-1
-1,-1,-1,-1,-1,-1,-1,-1,-1,-1,-1,-1,-1,-1,-1,-1,-1,-1,-1,-1,-1,-1,-1,-1,-1,-1,-1,-1,-1,-1,-1,-1,-1,-1,-1,-1,-1,-1,-1,-1,-1,-1,-1,-1,-1,-1,-1,-1,-1,0.405335,-1,0.504085,-1,-1,0.432008,0.490075,0.385015,0.322146,0.252635,0.268245,-1,0.585298,-1,-1,-1,0.542352,0.554923,-1,0.515719,0.393804,0.492876,0.460267,0.573967,0.510945,0.457242,-1,-1,0.470641,-1,-1,0.516326,0.494277,0.404307,0.42416,0.495272,0.614876,0.700394,0.668657,0.670691,0.280882,0.414572,-1,-1,-1,-1,-1
-1,-1,-1,0.396681,0.569838,-1,0.421046,-1,-1,-1,0.632545,0.590355,0.553212,0.680389,0.70519,0.626917,0.642097,0.50675,0.506445,-1,0.483701,0.593387,0.523931,0.577805,0.566288,0.539337,0.701129,0.525199,0.512086,0.529453,-1,-1,-1,-1,0.779118,-1,0.738107,-1,-1,-1,-1,-1,-1,-1,-1,-1,-1,-1,0.42408,0.528348,0.504085,-1,0.517972,0.512484,0.379438,0.370018,0.387366,0.546222,0.513831,0.462492,0.426426,0.58027,0.603126,0.568307,0.56771,0.365601,0.353753,0.378461,0.422886,0.502043,0.42699,0.456036,0.477808,0.411728,0.629961,0.412735,0.367214,0.39049,0.48166,0.500894,0.704469,0.709554,0.690617,0.647614,0.675245,-1,0.779276,0.753717,-1,0.426616,0.484695,0.439489,0.299558,0.414604,-1,0.42051
-1,-1,-1,0.619359,0.487892,0.385078,-1,0.694837,-1,-1,-1,0.680105,0.645446,0.643007,0.649045,0.568902,0.622697,0.787488,0.663706,-1,-1,-1,0.883112,-1,-1,0.833317,0.638084,0.645787,0.658438,0.769284,-1,-1,0.700776,-1,-1,0.71758,-1,-1,0.72512,0.679686,0.719016,-1,-1,-1,0.642114,-1,-1,-1,0.383068,0.381208,-1,0.517972,-1,0.247111,0.746755,0.492866,0.693923,0.420842,0.636752,0.500419,0.432874,0.330386,0.328121,0.264494,0.331939,0.696584,0.526266,0.693524,0.796729,0.759034,0.799124,0.809194,0.871098,0.71738,0.425766,0.46299,0.500143,0.638544,0.416044,0.423313,0.431631,0.441704,0.617018,0.483455,0.369218,0.357311,0.409626,0.37308,0.461574,0.489769,0.37456,0.384753,0.558171,0.523916,-1,-1
-1,-1,-1,-1,0.418027,-1,-1,-1,-1,-1,-1,-1,-1,0.554369,0.56122,0.475055,0.540067,-1,-1,-1,-1,-1,-1,-1,-1,-1,-1,-1,-1,-1,-1,-1,-1,-1,-1,-1,-1,-1,-1,-1,-1,-1,-1,-1,-1,-1,-1,-1,0.358492,0.374116,-1,0.512484,0.247111,-1,0.707041,-1,-1,-1,0.583058,0.465636,-1,0.370422,0.396566,0.329877,0.392968,0.690871,0.536797,-1,0.772714,0.722561,0.767011,0.781127,0.844331,0.702552,0.351983,-1,-1,-1,-1,-1,0.410184,0.404453,0.577501,0.462855,0.34939,-1,-1,-1,-1,-1,-1,-1,-1,-1,-1,-1
-1,-1,-1,0.414853,-1,-1,-1,-1,-1,-1,-1,0.568101,-1,-1,-1,-1,-1,-1,-1,-1,0.319627,0.42215,-1,0.36818,0.395165,-1,0.72795,-1,-1,-1,-1,-1,-1,-1,0.701898,-1,0.870511,-1,-1,-1,-1,-1,-1,-1,-1,-1,-1,-1,0.531972,0.648225,0.432008,0.379438,0.746755,0.707041,-1,-1,-1,0.612854,0.358792,0.449469,-1,0.785143,-1,-1,0.794985,0.378988,0.520271,0.461079,0.26726,0.256488,0.276589,0.192307,0.327544,0.368905,0.70694,0.636312,-1,0.397729,-1,-1,0.80462,0.788095,0.648635,0.685767,0.784736,-1,0.963477,0.935595,-1,0.483743,0.639912,0.528165,0.241677,0.323387,-1,0.182112
-1,-1,-1,-1,0.624981,-1,-1,-1,-1,-1,-1,-1,-1,0.767025,0.778818,0.699532,0.733604,0.676968,0.648351,-1,-1,-1,-1,-1,-1,0.727836,-1,0.658247,0.65278,-1,-1,-1,-1,-1,-1,-1,-1,-1,-1,-1,-1,-1,-1,-1,-1,-1,-1,-1,0.321451,0.422882,0.490075,0.370018,0.492866,-1,-1,-1,-1,-1,-1,0.403947,0.304079,0.476633,0.544274,0.53234,0.500224,0.412248,0.29141,-1,-1,0.590987,0.529792,0.597564,0.617772,0.404313,0.594144,0.317035,0.341693,0.334982,0.380692,0.355914,0.634921,0.645567,0.654891,0.577822,0.616046,-1,0.737764,0.68133,0.761793,0.399936,0.491266,0.402444,0.37726,0.399134,-1,-1
-1,-1,-1,-1,-1,-1,-1,-1,-1,-1,-1,-1,-1,-1,-1,-1,-1,-1,-1,-1,-1,-1,-1,-1,-1,-1,-1,-1,-1,-1,-1,-1,-1,-1,-1,-1,-1,-1,-1,-1,-1,-1,-1,-1,-1,-1,-1,-1,-1,-1,0.385015,0.387366,0.693923,-1,-1,-1,-1,-1,0.327725,0.389028,-1,0.698074,-1,-1,-1,0.347546,0.463139,-1,0.300693,0.290267,0.236249,0.28524,0.34464,0.284308,0.676913,0.588979,-1,0.281972,0.626264,0.553812,-1,-1,-1,-1,-1,-1,-1,-1,-1,0.42057,-1,0.457534,-1,0.299779,-1,-1
-1,-1,-1,-1,-1,-1,-1,-1,-1,-1,-1,-1,-1,-1,-1,-1,-1,-1,-1,-1,-1,-1,-1,-1,-1,-1,-1,-1,-1,-1,-1,-1,-1,-1,-1,-1,-1,-1,-1,-1,-1,-1,-1,-1,-1,-1,-1,-1,-1,-1,0.322146,0.546222,0.420842,-1,0.612854,-1,-1,-1,0.393988,0.309792,-1,0.462449,-1,0.482763,0.531583,0.649616,-1,-1,0.691971,0.578667,0.639672,0.651647,0.773343,0.636647,0.312005,-1,-1,-1,-1,-1,0.372922,0.359121,0.41742,-1,0.338612,-1,0.504799,-1,-1,-1,-1,-1,-1,-1,-1,-1
-1,-1,-1,0.648035,-1,-1,-1,-1,-1,-1,-1,0.800639,-1,0.942164,0.961304,-1,-1,-1,-1,-1,0.610941,0.67766,-1,0.650973,0.687567,-1,0.880518,-1,-1,-1,-1,-1,-1,-1,0.930378,-1,0.92952,-1,-1,-1,-1,-1,-1,-1,-1,-1,-1,-1,0.391831,0.473856,0.252635,0.513831,0.636752,0.583058,0.358792,-1,0.327725,0.393988,-1,0.290563,0.61833,0.649961,0.739243,0.699812,0.732575,0.515618,0.580501,-1,0.443888,0.333611,0.423413,0.396133,0.519581,0.485175,0.542656,0.654897,-1,0.462008,0.640879,0.534191,0.577891,0.583487,0.407169,0.467455,0.553447,-1,-1,-1,-1,0.391079,0.524171,0.385948,-1,0.235719,-1,0.314889
0.760235,0.782656,-1,0.615906,0.683923,-1,0.580139,-1,-1,-1,0.812439,0.777896,-1,0.827306,0.838205,0.764831,0.808565,0.740537,0.741981,-1,0.67402,0.752766,-1,0.722926,0.753095,0.770499,0.80487,-1,-1,-1,-1,0.845031,0.881954,-1,0.907799,0.880968,0.824425,-1,-1,-1,-1,-1,-1,-1,-1,-1,-1,-1,0.250304,0.338255,0.268245,0.462492,0.500419,0.465636,0.449469,0.403947,0.389028,0.309792,0.290563,-1,0.482139,0.501857,0.597572,0.553284,0.581479,0.511404,0.491342,-1,0.519634,0.433192,0.498639,0.478826,0.592472,0.479765,0.444116,0.52138,0.537853,0.419705,0.508369,0.404772,0.469656,0.464882,0.419822,0.395494,0.443966,-1,-1,-1,-1,0.309429,0.411467,0.270442,0.343613,0.226874,-1,0.35653
-1,-1,-1,0.595575,0.621249,-1,-1,-1,-1,-1,-1,-1,0.700643,0.764323,0.774372,0.699348,0.729937,-1,-1,-1,0.749993,-1,-1,-1,-1,0.792219,0.782692,0.680572,0.681994,-1,0.760021,0.778303,-1,-1,-1,-1,-1,-1,-1,-1,-1,-1,-1,-1,-1,-1,-1,-1,-1,0.413094,-1,0.426426,0.432874,-1,-1,0.304079,-1,-1,0.61833,0.482139,-1,0.423297,0.449586,0.441841,0.408572,0.547893,0.355746,-1,0.669266,0.692133,0.656243,0.708076,0.733697,0.555875,0.585026,0.282345,0.339317,0.464896,0.320857,0.377549,-1,-1,-1,-1,-1,-1,-1,-1,-1,0.453345,0.480708,0.421817,-1,0.482996,-1,-1
0.739222,0.750779,-1,0.706931,0.630186,0.523593,-1,0.805263,-1,-1,0.925389,0.812311,0.775123,0.77047,0.78162,0.699522,0.752773,0.872427,0.774422,-1,0.902146,0.962176,0.950712,-1,-1,0.928784,0.776767,0.766904,-1,0.872298,0.803712,0.825476,0.835354,-1,-1,0.852164,-1,-1,0.866723,0.812025,0.86325,-1,-1,-1,0.737178,-1,-1,-1,0.373883,0.333289,0.585298,0.58027,0.330386,0.370422,0.785143,0.476633,0.698074,0.462449,0.649961,0.501857,0.423297,-1,0.345173,0.314721,0.357515,0.729601,0.550121,-1,0.825769,0.784207,0.803934,0.837612,0.906048,0.718058,0.489044,0.481086,0.536459,0.611806,0.390318,0.341855,0.452853,0.472626,0.654875,0.465163,0.421832,0.428426,0.469765,0.409292,0.515184,0.51932,0.474424,0.433818,0.593759,0.536865,-1,-1
0.748042,0.764824,-1,0.715378,0.651433,0.552773,-1,0.82336,-1,-1,0.954093,0.822024,0.784286,0.788403,0.796122,0.710371,0.771185,0.891589,0.781348,-1,-1,0.986177,0.972697,-1,-1,0.945051,0.79089,0.778003,-1,0.893612,-1,-1,0.854101,-1,-1,0.867488,-1,-1,0.883327,0.835504,0.877573,-1,-1,-1,-1,-1,-1,-1,-1,0.459079,-1,0.603126,0.328121,0.396566,-1,0.544274,-1,-1,0.739243,0.597572,0.449586,0.345173,-1,0.245683,0.265056,0.785315,0.571178,-1,-1,0.882297,0.872977,0.920464,0.961619,0.787145,0.560412,0.477567,0.543615,0.706707,0.409269,0.460935,0.547308,0.552161,0.743231,0.582834,0.490396,0.467845,0.497058,0.445356,0.565697,0.582076,0.510512,0.492718,0.652742,0.617533,-1,-1
-1,-1,-1,0.677732,0.581242,0.485571,-1,0.768233,-1,-1,-1,0.767818,0.725549,0.716565,0.725628,0.646497,0.701119,0.843873,0.728251,-1,-1,-1,0.937668,-1,-1,0.892018,0.719223,-1,-1,0.844431,-1,-1,0.780612,-1,-1,0.800782,-1,-1,0.810302,0.75982,-1,-1,-1,-1,-1,-1,-1,-1,0.428865,0.414003,-1,0.568307,0.264494,0.329877,-1,0.53234,-1,0.482763,0.699812,0.553284,0.441841,0.314721,0.245683,-1,0.241317,0.753495,0.552409,-1,0.85255,0.82569,0.840478,0.875429,0.925017,0.76769,0.503336,0.47625,0.5198,0.675678,0.402515,0.45685,0.495486,0.498568,0.685903,0.535062,0.439881,0.414261,0.439734,0.396661,0.50351,0.548052,0.454783,0.454237,0.61428,0.578238,-1,-1
-1,-1,-1,0.700524,0.62067,0.53742,-1,0.792176,-1,-1,-1,0.806571,0.75882,0.775838,0.78152,0.697855,0.751329,0.856295,0.755832,-1,-1,-1,0.935474,-1,-1,0.906941,0.784708,-1,-1,0.85215,-1,-1,0.840028,-1,-1,0.861063,-1,-1,0.887636,0.820194,0.872391,-1,-1,-1,0.714431,-1,-1,-1,-1,0.447898,-1,0.56771,0.331939,0.392968,0.794985,0.500224,-1,0.531583,0.732575,0.581479,0.408572,0.357515,0.265056,0.241317,-1,0.749107,0.547854,-1,0.851371,0.841243,0.839828,-1,0.933122,0.756654,0.572157,0.433773,0.490285,0.663356,0.372635,0.468051,0.569448,0.595835,0.778618,0.592088,0.525652,0.509963,0.548255,0.495729,0.618651,0.558296,0.502304,0.487976,0.617643,0.606227,-1,-1
-1,-1,-1,0.547605,0.797208,-1,-1,0.696428,-1,-1,-1,0.74852,-1,0.885835,0.894212,0.848569,0.835697,0.62443,0.67074,-1,0.5536,0.657964,0.598368,0.616551,0.625843,0.6404,0.883391,0.709534,0.674515,0.660524,-1,-1,-1,-1,0.924331,-1,0.951591,-1,-1,-1,-1,-1,-1,-1,-1,-1,-1,-1,0.511548,0.643996,0.542352,0.365601,0.696584,0.690871,0.378988,0.412248,0.347546,0.649616,0.515618,0.511404,0.547893,0.729601,0.785315,0.753495,0.749107,-1,0.387576,0.315494,0.333283,0.456231,0.332733,0.392686,0.35668,0.321691,0.7508,0.517399,0.45947,0.363666,0.611095,0.59708,0.832902,0.852014,0.742138,0.748764,0.815491,-1,0.950119,0.907356,0.969388,0.502623,0.648047,0.53791,0.356964,0.446704,-1,0.45175
-1,-1,-1,0.530726,0.656994,-1,-1,0.665767,-1,-1,-1,0.742967,-1,0.780812,0.796372,0.716107,0.742903,0.673341,0.647215,-1,0.644671,0.759199,0.696553,0.717887,0.72051,0.705611,0.820323,0.657148,0.651457,0.689822,-1,-1,-1,-1,0.917898,-1,0.826091,-1,-1,-1,-1,-1,-1,-1,-1,-1,-1,-1,0.411447,0.507525,0.554923,0.353753,0.526266,0.536797,0.520271,0.29141,0.463139,-1,0.580501,0.491342,0.355746,0.550121,0.571178,0.552409,0.547854,0.387576,-1,0.325859,0.513005,0.596972,0.515155,0.581874,0.567402,0.436549,0.657563,0.293617,0.283056,0.405674,0.425918,0.457881,0.718959,0.715979,0.739265,0.658205,0.691001,-1,0.816406,0.750622,0.852128,0.45759,0.525586,0.459477,0.390673,0.460711,-1,0.521486
-1,-1,-1,-1,-1,-1,-1,-1,-1,-1,-1,-1,-1,-1,-1,-1,-1,-1,-1,-1,-1,-1,-1,-1,-1,0.701477,-1,0.721861,0.702186,-1,-1,-1,-1,-1,-1,-1,-1,-1,-1,-1,-1,-1,-1,-1,-1,-1,-1,-1,-1,-1,-1,0.378461,0.693524,-1,0.461079,-1,-1,-1,-1,-1,-1,-1,-1,-1,-1,0.315494,0.325859,-1,0.406708,0.547716,0.434592,0.511074,0.46617,0.417841,0.785065,0.465909,0.378728,-1,-1,-1,-1,-1,0.816363,0.785637,0.829486,-1,-1,-1,-1,0.531251,-1,0.566784,-1,-1,-1,-1
-1,-1,-1,0.532519,-1,-1,0.393264,-1,-1,-1,0.650796,0.7278,0.768304,0.943329,-1,-1,-1,0.580258,0.674611,-1,0.483767,0.571105,-1,0.55167,0.546651,0.586796,0.876773,0.739665,0.70042,0.616673,-1,-1,-1,-1,0.877087,-1,1,-1,-1,-1,-1,-1,-1,-1,-1,-1,-1,-1,0.580243,0.707604,0.515719,0.422886,0.796729,0.772714,0.26726,-1,0.300693,0.691971,0.443888,0.519634,0.669266,0.825769,-1,0.85255,0.851371,0.333283,0.513005,0.406708,-1,0.327795,0.25892,0.238451,0.263845,0.354767,0.803212,0.656328,0.593685,0.405599,0.737556,0.68234,0.868982,0.885549,0.723712,0.772457,0.86896,-1,1,0.999057,-1,0.534042,0.688938,0.572541,0.361647,0.420138,-1,0.383442
-1,-1,-1,0.579048,-1,-1,0.41297,-1,-1,-1,0.706402,0.754224,-1,0.973433,0.995497,-1,-1,0.637088,0.734283,-1,0.509953,0.596235,-1,0.605541,0.582467,0.647359,0.875536,0.802218,0.747749,-1,-1,-1,1,-1,0.894905,0.950883,0.992088,-1,-1,-1,-1,-1,-1,-1,-1,-1,-1,-1,0.515425,0.631494,0.393804,0.502043,0.759034,0.722561,0.256488,0.590987,0.290267,0.578667,0.333611,0.433192,0.692133,0.784207,0.882297,0.82569,0.841243,0.456231,0.596972,0.547716,0.327795,-1,0.313278,0.268202,0.349682,0.420148,0.676817,0.719045,-1,0.440703,0.749979,0.67191,0.750379,0.741359,0.62014,0.647618,0.752687,-1,-1,-1,-1,0.486835,0.633056,0.512391,-1,0.343458,-1,0.311505
-1,-1,-1,0.56201,0.869697,-1,-1,-1,-1,-1,-1,-1,-1,0.952127,0.983175,0.917298,0.912123,0.600752,0.693274,-1,-1,-1,-1,-1,-1,0.602832,-1,0.751258,0.714892,-1,-1,-1,-1,-1,-1,-1,-1,-1,-1,-1,-1,-1,-1,-1,-1,-1,-1,-1,0.562421,0.69259,0.492876,0.42699,0.799124,0.767011,0.276589,0.529792,0.236249,0.639672,0.423413,0.498639,0.656243,0.803934,0.872977,0.840478,0.839828,0.332733,0.515155,0.434592,0.25892,0.313278,-1,0.256844,0.263218,0.303818,0.767918,0.643447,0.595932,0.348516,0.723255,0.644785,0.849198,0.851457,0.729709,0.749878,0.83629,-1,1,0.978737,1,0.518796,0.68823,0.564107,0.35527,0.404115,-1,0.369658
-1,-1,-1,0.535256,-1,-1,0.340238,-1,-1,-1,0.607761,0.691912,-1,-1,-1,-1,-1,0.560036,0.676114,-1,0.445375,0.500452,-1,0.496118,0.508761,0.558087,0.860026,0.762687,0.697072,-1,-1,-1,-1,-1,0.852093,-1,0.985477,-1,-1,-1,-1,-1,-1,-1,-1,-1,-1,-1,0.573235,0.675853,0.460267,0.456036,0.809194,0.781127,0.192307,0.597564,0.28524,0.651647,0.396133,0.478826,0.708076,0.837612,0.920464,0.875429,-1,0.392686,0.581874,0.511074,0.238451,0.268202,0.256844,-1,0.285805,0.390468,0.764573,0.713943,-1,0.428706,0.775695,0.691728,0.826126,0.855452,0.627511,0.72309,0.802283,-1,-1,-1,-1,0.517111,0.699533,0.575326,0.338689,0.373077,-1,0.266661
-1,-1,-1,0.618847,-1,-1,0.452308,-1,-1,-1,0.717072,0.792327,-1,-1,-1,-1,-1,0.637633,0.742317,-1,0.54193,0.614631,-1,0.601617,0.611241,0.642482,0.968166,0.80848,0.770348,-1,-1,-1,-1,-1,0.958588,-1,1,-1,-1,-1,-1,-1,-1,-1,-1,-1,-1,-1,0.660388,0.789539,0.573967,0.477808,0.871098,0.844331,0.327544,0.617772,0.34464,0.773343,0.519581,0.592472,0.733697,0.906048,0.961619,0.925017,0.933122,0.35668,0.567402,0.46617,0.263845,0.349682,0.263218,0.285805,-1,0.389789,0.868167,0.712761,0.653043,0.452287,0.801976,0.756297,0.962619,0.962498,0.799817,0.843473,0.934137,-1,1,1,1,0.610732,0.760228,0.654636,0.429777,0.488842,-1,0.439505
-1,-1,-1,0.562053,0.823639,-1,-1,0.728994,-1,-1,-1,0.784479,0.769419,0.916619,0.926139,0.865044,0.867853,0.647428,0.697556,0.676788,0.571492,0.667351,0.612386,0.628151,0.636622,0.66146,0.917741,0.737406,0.714393,0.681365,-1,-1,-1,-1,0.94157,-1,0.974198,-1,-1,-1,-1,-1,-1,-1,-1,-1,-1,-1,0.486999,0.623305,0.510945,0.411728,0.71738,0.702552,0.368905,0.404313,0.284308,0.636647,0.485175,0.479765,0.555875,0.718058,0.787145,0.76769,0.756654,0.321691,0.436549,0.417841,0.354767,0.420148,0.303818,0.390468,0.389789,-1,0.742166,0.558706,0.517024,0.303917,0.629629,0.570852,0.814591,0.816177,0.72795,0.718988,0.784114,-1,0.950712,0.908006,0.962877,0.491859,0.644928,0.523117,0.357189,0.412897,-1,0.427129
-1,-1,-1,0.734783,0.650597,-1,0.834782,-1,-1,-1,0.899272,0.799953,0.808966,0.790904,0.796236,0.719481,0.784171,0.915425,0.811489,-1,0.923738,0.949919,-1,0.970503,0.999228,0.948368,0.762372,0.811038,0.828607,0.909707,-1,-1,-1,-1,0.894748,-1,0.759013,-1,-1,-1,-1,-1,-1,-1,-1,-1,-1,-1,0.381883,0.404229,0.457242,0.629961,0.425766,0.351983,0.70694,0.594144,0.676913,0.312005,0.542656,0.444116,0.585026,0.489044,0.560412,0.503336,0.572157,0.7508,0.657563,0.785065,0.803212,0.676817,0.767918,0.764573,0.868167,0.742166,-1,0.645554,0.66949,0.669316,0.582087,0.494356,0.394317,0.368411,0.49086,0.427682,0.334893,0.434505,0.487233,0.495491,0.490414,0.401084,0.405386,0.317848,0.561236,0.436642,-1,-1
-1,-1,-1,0.589257,0.620907,-1,-1,0.700598,-1,-1,-1,-1,0.69138,0.761986,0.77661,-1,-1,0.729702,0.670147,0.728,0.739007,0.84055,0.788274,0.829007,0.825069,0.773829,0.805178,0.671529,0.669406,0.744096,-1,-1,-1,-1,-1,-1,-1,-1,-1,-1,-1,-1,-1,-1,-1,-1,-1,-1,-1,0.470225,-1,0.412735,0.46299,-1,0.636312,0.317035,0.588979,-1,0.654897,0.52138,0.282345,0.481086,0.477567,0.47625,0.433773,0.517399,0.293617,0.465909,0.656328,0.719045,0.643447,0.713943,0.712761,0.558706,0.645554,-1,0.227191,0.496888,0.335331,0.450758,0.676826,0.686664,0.759163,0.641553,0.637977,-1,0.729301,0.679684,-1,0.49063,0.510807,0.464418,0.479651,0.518629,-1,0.611041
-1,-1,-1,0.561354,0.653097,-1,-1,0.690577,-1,-1,-1,-1,0.685707,-1,-1,-1,-1,0.689461,0.650428,0.700041,0.693297,0.81552,0.73905,0.784586,0.782377,0.743517,0.814633,0.666723,0.662411,0.718066,-1,-1,-1,-1,-1,-1,-1,-1,-1,-1,-1,-1,-1,-1,-1,-1,-1,-1,-1,0.527535,-1,0.367214,0.500143,-1,-1,0.341693,-1,-1,-1,0.537853,0.339317,0.536459,0.543615,0.5198,0.490285,0.45947,0.283056,0.378728,0.593685,-1,0.595932,-1,0.653043,0.517024,0.66949,0.227191,-1,0.483589,0.408315,0.485818,-1,-1,-1,0.684018,-1,-1,0.778932,0.73702,-1,0.487098,0.527874,0.487041,0.433313,0.514202,-1,-1
-1,-1,-1,0.555025,0.750736,-1,-1,-1,-1,-1,-1,-1,-1,0.875386,0.886886,0.816249,0.830915,0.6558,0.687727,-1,0.591659,-1,-1,-1,-1,0.674958,0.881554,0.721975,0.70033,0.688601,-1,-1,-1,-1,-1,-1,-1,-1,-1,-1,-1,-1,-1,-1,-1,-1,-1,-1,0.40293,0.52666,0.470641,0.39049,0.638544,-1,0.397729,0.334982,0.281972,-1,0.462008,0.419705,0.464896,0.611806,0.706707,0.675678,0.663356,0.363666,0.405674,-1,0.405599,0.440703,0.348516,0.428706,0.452287,0.303917,0.669316,0.496888,0.483589,-1,0.542998,0.448765,0.732489,0.729644,0.677533,0.646355,0.699013,-1,0.851628,0.82206,0.87114,0.430822,0.570095,0.454093,0.345548,0.376437,-1,0.421336
-1,-1,-1,-1,-1,-1,-1,-1,-1,-1,-1,-1,0.743832,0.785915,-1,-1,-1,-1,-1,-1,-1,-1,-1,-1,-1,-1,-1,-1,-1,-1,0.798295,0.806564,-1,-1,-1,-1,-1,-1,-1,-1,-1,-1,-1,-1,-1,-1,-1,-1,-1,0.414109,-1,0.48166,0.416044,-1,-1,0.380692,0.626264,-1,0.640879,0.508369,0.320857,0.390318,0.409269,0.402515,0.372635,0.611095,0.425918,-1,0.737556,0.749979,0.723255,0.775695,0.801976,0.629629,0.582087,0.335331,0.408315,0.542998,-1,0.368136,-1,-1,-1,-1,-1,-1,-1,-1,-1,-1,0.497424,0.440405,-1,-1,-1,-1
0.751551,0.777067,-1,-1,-1,-1,-1,-1,-1,-1,-1,0.809066,0.75521,0.796243,-1,-1,-1,-1,-1,-1,-1,-1,-1,-1,-1,-1,-1,-1,-1,-1,0.808651,0.825112,-1,-1,-1,0.886264,-1,-1,-1,-1,-1,-1,-1,-1,-1,-1,-1,-1,-1,0.273851,-1,0.500894,0.423313,-1,-1,0.355914,0.553812,-1,0.534191,0.404772,0.377549,0.341855,0.460935,0.45685,0.468051,0.59708,0.457881,-1,0.68234,0.67191,0.644785,0.691728,0.756297,0.570852,0.494356,0.450758,0.485818,0.448765,0.368136,-1,0.499753,0.530681,0.598749,0.453332,0.464945,-1,-1,-1,-1,0.428767,0.464759,0.370534,0.482272,0.432477,-1,-1
0.815255,0.827549,-1,-1,0.697313,-1,-1,-1,-1,-1,-1,0.878888,-1,0.849091,0.861813,0.771957,0.838913,-1,-1,-1,-1,1,-1,-1,-1,-1,-1,-1,-1,-1,-1,-1,0.885528,-1,0.97938,0.908635,0.821867,-1,-1,0.883291,-1,-1,-1,-1,-1,-1,-1,-1,0.412798,0.404485,0.516326,0.704469,0.431631,0.410184,0.80462,0.634921,-1,0.372922,0.577891,0.469656,-1,0.452853,0.547308,0.495486,0.569448,0.832902,0.718959,-1,0.868982,0.750379,0.849198,0.826126,0.962619,0.814591,0.394317,0.676826,-1,0.732489,-1,0.499753,-1,0.266001,0.530847,0.388717,0.249109,0.33625,0.400926,0.368451,0.33217,0.539746,0.496907,0.422767,0.642448,0.533288,-1,-1
-1,-1,-1,-1,-1,-1,-1,-1,-1,-1,-1,-1,-1,-1,-1,-1,-1,-1,-1,-1,-1,-1,-1,-1,-1,-1,-1,-1,-1,-1,-1,-1,-1,-1,-1,-1,-1,-1,-1,-1,-1,-1,-1,-1,-1,-1,-1,-1,-1,0.396505,0.494277,0.709554,0.441704,0.404453,0.788095,0.645567,-1,0.359121,0.583487,0.464882,-1,0.472626,0.552161,0.498568,0.595835,0.852014,0.715979,-1,0.885549,0.741359,0.851457,0.855452,0.962498,0.816177,0.368411,0.686664,-1,0.729644,-1,0.530681,0.266001,-1,0.518568,0.393666,0.208912,0.321797,0.371022,0.376207,0.317653,0.531863,0.51025,-1,0.633415,-1,-1,-1
-1,0.945344,-1,0.821917,-1,-1,0.77002,-1,-1,-1,0.95961,0.92922,-1,-1,-1,-1,-1,0.936839,0.929177,-1,0.872992,0.940298,-1,0.884392,0.93864,0.956423,0.928426,-1,-1,-1,-1,-1,1,-1,1,1,0.942357,-1,-1,-1,-1,-1,-1,-1,-1,-1,-1,-1,0.440894,0.499455,0.404307,0.690617,0.617018,0.577501,0.648635,0.654891,-1,0.41742,0.407169,0.419822,-1,0.654875,0.743231,0.685903,0.778618,0.742138,0.739265,0.816363,0.723712,0.62014,0.729709,0.627511,0.799817,0.72795,0.49086,0.759163,-1,0.677533,-1,0.598749,0.530847,0.518568,-1,0.450024,0.497315,0.608289,0.70227,0.691074,0.667575,0.488198,0.542937,-1,0.551237,-1,-1,-1
0.833024,0.857346,-1,-1,0.732046,-1,-1,-1,-1,-1,-1,0.883698,-1,0.879138,0.895913,0.806657,0.868081,-1,-1,-1,-1,0.951977,-1,-1,-1,-1,-1,-1,-1,-1,-1,0.936246,0.926368,-1,0.992738,0.935852,0.860841,-1,-1,0.914446,-1,-1,-1,-1,-1,-1,-1,-1,0.365285,0.351154,0.42416,0.647614,0.483455,0.462855,0.685767,0.577822,-1,-1,0.467455,0.395494,-1,0.465163,0.582834,0.535062,0.592088,0.748764,0.658205,0.785637,0.772457,0.647618,0.749878,0.72309,0.843473,0.718988,0.427682,0.641553,0.684018,0.646355,-1,0.453332,0.388717,0.393666,0.450024,-1,0.370675,0.480662,0.552344,0.513381,0.523934,0.484663,0.500623,0.393391,0.561869,0.440167,-1,-1
-1,0.777839,-1,0.775895,-1,-1,0.896464,-1,-1,-1,0.944215,0.82201,-1,-1,-1,-1,-1,0.953607,0.831437,-1,0.977221,1,-1,1,1,0.999728,0.774072,-1,-1,-1,-1,-1,0.832409,-1,0.916833,0.856345,0.773965,-1,-1,-1,-1,-1,-1,-1,-1,-1,-1,-1,0.388958,0.364196,0.495272,0.675245,0.369218,0.34939,0.784736,0.616046,-1,0.338612,0.553447,0.443966,-1,0.421832,0.490396,0.439881,0.525652,0.815491,0.691001,0.829486,0.86896,0.752687,0.83629,0.802283,0.934137,0.784114,0.334893,0.637977,-1,0.699013,-1,0.464945,0.249109,0.208912,0.497315,0.370675,-1,0.247634,0.326697,0.331186,0.255207,0.500723,0.451913,-1,0.607499,0.496512,-1,-1
-1,-1,-1,-1,-1,-1,-1,-1,-1,-1,-1,-1,-1,-1,-1,-1,-1,-1,-1,-1,-1,-1,-1,-1,-1,-1,-1,-1,-1,-1,-1,-1,-1,-1,-1,-1,-1,-1,-1,-1,-1,-1,-1,-1,-1,-1,-1,-1,-1,-1,0.614876,-1,0.357311,-1,-1,-1,-1,-1,-1,-1,-1,0.428426,0.467845,0.414261,0.509963,-1,-1,-1,-1,-1,-1,-1,-1,-1,0.434505,-1,-1,-1,-1,-1,0.33625,0.321797,0.608289,0.480662,0.247634,-1,0.273113,0.294634,0.286433,-1,0.503421,0.467636,-1,-1,-1,-1
-1,-1,-1,-1,0.70202,-1,-1,-1,-1,-1,-1,-1,-1,0.856224,0.877373,0.778639,0.851349,-1,-1,-1,-1,-1,-1,-1,-1,-1,-1,-1,-1,-1,-1,-1,-1,-1,-1,-1,-1,-1,0.936003,0.893261,0.934809,-1,-1,-1,-1,-1,-1,-1,-1,-1,0.700394,0.779276,0.409626,-1,0.963477,0.737764,-1,0.504799,-1,-1,-1,0.469765,0.497058,0.439734,0.548255,0.950119,0.816406,-1,1,-1,1,-1,1,0.950712,0.487233,0.729301,0.778932,0.851628,-1,-1,0.400926,0.371022,0.70227,0.552344,0.326697,0.273113,-1,0.306715,0.317109,-1,0.571067,0.543245,0.776016,0.686138,-1,-1
-1,-1,-1,-1,0.69021,-1,-1,-1,-1,-1,-1,-1,-1,0.839106,0.850377,0.754353,0.820516,-1,-1,-1,-1,-1,-1,-1,-1,-1,-1,-1,-1,-1,-1,-1,0.8858,-1,-1,0.904854,-1,-1,0.914368,0.868567,-1,-1,-1,-1,-1,-1,-1,-1,-1,-1,0.668657,0.753717,0.37308,-1,0.935595,0.68133,-1,-1,-1,-1,-1,0.409292,0.445356,0.396661,0.495729,0.907356,0.750622,-1,0.999057,-1,0.978737,-1,1,0.908006,0.495491,0.679684,0.73702,0.82206,-1,-1,0.368451,0.376207,0.691074,0.513381,0.331186,0.294634,0.306715,-1,0.323024,-1,0.5545,0.518918,0.741523,0.660204,-1,-1
-1,-1,-1,-1,0.745183,-1,-1,-1,-1,-1,-1,-1,-1,0.891046,0.913646,-1,0.885542,-1,-1,-1,-1,-1,-1,-1,-1,-1,-1,-1,-1,-1,-1,-1,-1,-1,-1,-1,-1,-1,0.969309,-1,0.999371,-1,-1,-1,-1,-1,-1,-1,-1,-1,0.670691,-1,0.461574,-1,-1,0.761793,-1,-1,-1,-1,-1,0.515184,0.565697,0.50351,0.618651,0.969388,0.852128,-1,-1,-1,1,-1,1,0.962877,0.490414,-1,-1,0.87114,-1,-1,0.33217,0.317653,0.667575,0.523934,0.255207,0.286433,0.317109,0.323024,-1,-1,0.610691,0.550846,0.781262,-1,-1,-1
-1,-1,-1,-1,-1,-1,-1,-1,-1,-1,-1,-1,-1,-1,-1,-1,-1,-1,-1,-1,-1,-1,-1,-1,-1,-1,-1,-1,-1,-1,-1,-1,-1,-1,-1,-1,-1,-1,-1,-1,-1,-1,-1,-1,-1,-1,-1,-1,-1,-1,0.280882,0.426616,0.489769,-1,0.483743,0.399936,0.42057,-1,0.391079,0.309429,0.453345,0.51932,0.582076,0.548052,0.558296,0.502623,0.45759,0.531251,0.534042,0.486835,0.518796,0.517111,0.610732,0.491859,0.401084,0.49063,0.487098,0.430822,-1,0.428767,0.539746,0.531863,0.488198,0.484663,0.500723,-1,-1,-1,-1,-1,-1,-1,-1,-1,0.19123,-1
-1,-1,-1,-1,-1,-1,-1,-1,-1,-1,-1,-1,-1,-1,-1,-1,-1,-1,-1,-1,-1,-1,-1,-1,-1,-1,-1,-1,-1,-1,-1,-1,-1,-1,-1,-1,-1,-1,-1,-1,-1,-1,-1,-1,-1,-1,-1,-1,0.343775,0.406879,0.414572,0.484695,0.37456,-1,0.639912,0.491266,-1,-1,0.524171,0.411467,0.480708,0.474424,0.510512,0.454783,0.502304,0.648047,0.525586,-1,0.688938,0.633056,0.68823,0.699533,0.760228,0.644928,0.405386,0.510807,0.527874,0.570095,0.497424,0.464759,0.496907,0.51025,0.542937,0.500623,0.451913,0.503421,0.571067,0.5545,0.610691,-1,-1,0,-1,-1,-1,-1
-1,-1,-1,-1,-1,-1,-1,-1,-1,-1,-1,-1,-1,-1,-1,-1,-1,-1,-1,-1,-1,-1,-1,-1,-1,-1,-1,-1,-1,-1,-1,-1,-1,-1,-1,-1,-1,-1,-1,-1,-1,-1,-1,-1,-1,-1,-1,-1,-1,0.297404,-1,0.439489,0.384753,-1,0.528165,0.402444,0.457534,-1,0.385948,0.270442,0.421817,0.433818,0.492718,0.454237,0.487976,0.53791,0.459477,0.566784,0.572541,0.512391,0.564107,0.575326,0.654636,0.523117,0.317848,0.464418,0.487041,0.454093,0.440405,0.370534,0.422767,-1,-1,0.393391,-1,0.467636,0.543245,0.518918,0.550846,-1,0,-1,0.265287,0.200678,-1,-1
-1,-1,-1,-1,0.651424,-1,-1,-1,-1,-1,-1,-1,-1,0.747477,-1,-1,0.701116,-1,-1,-1,-1,-1,-1,-1,-1,-1,-1,-1,-1,-1,-1,-1,-1,-1,-1,-1,-1,-1,-1,-1,-1,-1,-1,-1,-1,-1,-1,-1,-1,-1,-1,0.299558,0.558171,-1,0.241677,0.37726,-1,-1,-1,0.343613,-1,0.593759,0.652742,0.61428,0.617643,0.356964,0.390673,-1,0.361647,-1,0.35527,0.338689,0.429777,0.357189,0.561236,0.479651,0.433313,0.345548,-1,0.482272,0.642448,0.633415,0.551237,0.561869,0.607499,-1,0.776016,0.741523,0.781262,-1,-1,0.265287,-1,-1,0.227825,-1
-1,-1,-1,-1,-1,-1,-1,-1,-1,-1,-1,-1,-1,-1,-1,-1,-1,-1,-1,-1,-1,-1,-1,-1,-1,-1,-1,-1,-1,-1,-1,-1,-1,-1,-1,-1,-1,-1,-1,-1,-1,-1,-1,-1,-1,-1,-1,-1,-1,-1,-1,0.414604,0.523916,-1,0.323387,0.399134,0.299779,-1,0.235719,0.226874,0.482996,0.536865,0.617533,0.578238,0.606227,0.446704,0.460711,-1,0.420138,0.343458,0.404115,0.373077,0.488842,0.412897,0.436642,0.518629,0.514202,0.376437,-1,0.432477,0.533288,-1,-1,0.440167,0.496512,-1,0.686138,0.660204,-1,-1,-1,0.200678,-1,-1,0.169312,-1
-1,-1,-1,-1,-1,-1,-1,-1,-1,-1,-1,-1,-1,-1,-1,-1,-1,-1,-1,-1,-1,-1,-1,-1,-1,-1,-1,-1,-1,-1,-1,-1,-1,-1,-1,-1,-1,-1,-1,-1,-1,-1,-1,-1,-1,-1,-1,-1,-1,-1,-1,-1,-1,-1,-1,-1,-1,-1,-1,-1,-1,-1,-1,-1,-1,-1,-1,-1,-1,-1,-1,-1,-1,-1,-1,-1,-1,-1,-1,-1,-1,-1,-1,-1,-1,-1,-1,-1,-1,0.19123,-1,-1,0.227825,0.169312,-1,0.220208
-1,-1,-1,-1,-1,-1,-1,-1,-1,-1,-1,-1,-1,-1,-1,-1,-1,-1,-1,-1,-1,-1,-1,-1,-1,-1,-1,-1,-1,-1,-1,-1,-1,-1,-1,-1,-1,-1,-1,-1,-1,-1,-1,-1,-1,-1,-1,-1,-1,-1,-1,0.42051,-1,-1,0.182112,-1,-1,-1,0.314889,0.35653,-1,-1,-1,-1,-1,0.45175,0.521486,-1,0.383442,0.311505,0.369658,0.266661,0.439505,0.427129,-1,0.611041,-1,0.421336,-1,-1,-1,-1,-1,-1,-1,-1,-1,-1,-1,-1,-1,-1,-1,-1,0.220208,-1
